hat_adi,capacity_line_key,saat,sefer_sayisi,standard_capacity_passengers,baseline_capacity_passengers,effort_per_extra_trip,baseline_operational_effort
M1A,M1,00,0,1000,0,1.0,0.0
M1A,M1,01,0,1000,0,1.0,0.0
M1A,M1,02,0,1000,0,1.0,0.0
M1A,M1,03,0,1000,0,1.0,0.0
M1A,M1,04,0,1000,0,1.0,0.0
M1A,M1,05,0,1000,0,1.0,0.0
M1A,M1,06,5,1000,5000,1.0,5.0
M1A,M1,07,11,1000,11000,1.0,11.0
M1A,M1,08,12,1000,12000,1.0,12.0
M1A,M1,09,11,1000,11000,1.0,11.0
M1A,M1,10,9,1000,9000,1.0,9.0
M1A,M1,11,9,1000,9000,1.0,9.0
M1A,M1,12,9,1000,9000,1.0,9.0
M1A,M1,13,9,1000,9000,1.0,9.0
M1A,M1,14,9,1000,9000,1.0,9.0
M1A,M1,15,10,1000,10000,1.0,10.0
M1A,M1,16,11,1000,11000,1.0,11.0
M1A,M1,17,11,1000,11000,1.0,11.0
M1A,M1,18,12,1000,12000,1.0,12.0
M1A,M1,19,11,1000,11000,1.0,11.0
M1A,M1,20,10,1000,10000,1.0,10.0
M1A,M1,21,8,1000,8000,1.0,8.0
M1A,M1,22,7,1000,7000,1.0,7.0
M1A,M1,23,5,1000,5000,1.0,5.0
M1B,M1,00,0,1000,0,1.0,0.0
M1B,M1,01,0,1000,0,1.0,0.0
M1B,M1,02,0,1000,0,1.0,0.0
M1B,M1,03,0,1000,0,1.0,0.0
M1B,M1,04,0,1000,0,1.0,0.0
M1B,M1,05,0,1000,0,1.0,0.0
M1B,M1,06,5,1000,5000,1.0,5.0
M1B,M1,07,11,1000,11000,1.0,11.0
M1B,M1,08,12,1000,12000,1.0,12.0
M1B,M1,09,11,1000,11000,1.0,11.0
M1B,M1,10,9,1000,9000,1.0,9.0
M1B,M1,11,9,1000,9000,1.0,9.0
M1B,M1,12,9,1000,9000,1.0,9.0
M1B,M1,13,9,1000,9000,1.0,9.0
M1B,M1,14,9,1000,9000,1.0,9.0
M1B,M1,15,10,1000,10000,1.0,10.0
M1B,M1,16,11,1000,11000,1.0,11.0
M1B,M1,17,11,1000,11000,1.0,11.0
M1B,M1,18,12,1000,12000,1.0,12.0
M1B,M1,19,11,1000,11000,1.0,11.0
M1B,M1,20,10,1000,10000,1.0,10.0
M1B,M1,21,8,1000,8000,1.0,8.0
M1B,M1,22,6,1000,6000,1.0,6.0
M1B,M1,23,5,1000,5000,1.0,5.0
M2,M2,00,0,1600,0,1.0,0.0
M2,M2,01,0,1600,0,1.0,0.0
M2,M2,02,0,1600,0,1.0,0.0
M2,M2,03,0,1600,0,1.0,0.0
M2,M2,04,0,1600,0,1.0,0.0
M2,M2,05,0,1600,0,1.0,0.0
M2,M2,06,7,1600,11200,1.0,7.0
M2,M2,07,14,1600,22400,1.0,14.0
M2,M2,08,15,1600,24000,1.0,15.0
M2,M2,09,15,1600,24000,1.0,15.0
M2,M2,10,12,1600,19200,1.0,12.0
M2,M2,11,11,1600,17600,1.0,11.0
M2,M2,12,11,1600,17600,1.0,11.0
M2,M2,13,12,1600,19200,1.0,12.0
M2,M2,14,12,1600,19200,1.0,12.0
M2,M2,15,13,1600,20800,1.0,13.0
M2,M2,16,14,1600,22400,1.0,14.0
M2,M2,17,15,1600,24000,1.0,15.0
M2,M2,18,15,1600,24000,1.0,15.0
M2,M2,19,15,1600,24000,1.0,15.0
M2,M2,20,13,1600,20800,1.0,13.0
M2,M2,21,11,1600,17600,1.0,11.0
M2,M2,22,8,1600,12800,1.0,8.0
M2,M2,23,6,1600,9600,1.0,6.0
M3,M3,00,0,1100,0,1.0,0.0
M3,M3,01,0,1100,0,1.0,0.0
M3,M3,02,0,1100,0,1.0,0.0
M3,M3,03,0,1100,0,1.0,0.0
M3,M3,04,0,1100,0,1.0,0.0
M3,M3,05,0,1100,0,1.0,0.0
M3,M3,06,8,1100,8800,1.0,8.0
M3,M3,07,18,1100,19800,1.0,18.0
M3,M3,08,19,1100,20900,1.0,19.0
M3,M3,09,18,1100,19800,1.0,18.0
M3,M3,10,15,1100,16500,1.0,15.0
M3,M3,11,14,1100,15400,1.0,14.0
M3,M3,12,14,1100,15400,1.0,14.0
M3,M3,13,15,1100,16500,1.0,15.0
M3,M3,14,15,1100,16500,1.0,15.0
M3,M3,15,16,1100,17600,1.0,16.0
M3,M3,16,17,1100,18700,1.0,17.0
M3,M3,17,18,1100,19800,1.0,18.0
M3,M3,18,19,1100,20900,1.0,19.0
M3,M3,19,18,1100,19800,1.0,18.0
M3,M3,20,16,1100,17600,1.0,16.0
M3,M3,21,13,1100,14300,1.0,13.0
M3,M3,22,10,1100,11000,1.0,10.0
M3,M3,23,7,1100,7700,1.0,7.0
M4,M4,00,0,2200,0,1.0,0.0
M4,M4,01,0,2200,0,1.0,0.0
M4,M4,02,0,2200,0,1.0,0.0
M4,M4,03,0,2200,0,1.0,0.0
M4,M4,04,0,2200,0,1.0,0.0
M4,M4,05,0,2200,0,1.0,0.0
M4,M4,06,12,2200,26400,1.0,12.0
M4,M4,07,25,2200,55000,1.0,25.0
M4,M4,08,27,2200,59400,1.0,27.0
M4,M4,09,25,2200,55000,1.0,25.0
M4,M4,10,21,2200,46200,1.0,21.0
M4,M4,11,20,2200,44000,1.0,20.0
M4,M4,12,20,2200,44000,1.0,20.0
M4,M4,13,21,2200,46200,1.0,21.0
M4,M4,14,21,2200,46200,1.0,21.0
M4,M4,15,23,2200,50600,1.0,23.0
M4,M4,16,24,2200,52800,1.0,24.0
M4,M4,17,26,2200,57200,1.0,26.0
M4,M4,18,27,2200,59400,1.0,27.0
M4,M4,19,26,2200,57200,1.0,26.0
M4,M4,20,23,2200,50600,1.0,23.0
M4,M4,21,19,2200,41800,1.0,19.0
M4,M4,22,15,2200,33000,1.0,15.0
M4,M4,23,11,2200,24200,1.0,11.0
M5,M5,00,0,1620,0,1.0,0.0
M5,M5,01,0,1620,0,1.0,0.0
M5,M5,02,0,1620,0,1.0,0.0
M5,M5,03,0,1620,0,1.0,0.0
M5,M5,04,0,1620,0,1.0,0.0
M5,M5,05,0,1620,0,1.0,0.0
M5,M5,06,6,1620,9720,1.0,6.0
M5,M5,07,12,1620,19440,1.0,12.0
M5,M5,08,12,1620,19440,1.0,12.0
M5,M5,09,12,1620,19440,1.0,12.0
M5,M5,10,10,1620,16200,1.0,10.0
M5,M5,11,9,1620,14580,1.0,9.0
M5,M5,12,9,1620,14580,1.0,9.0
M5,M5,13,10,1620,16200,1.0,10.0
M5,M5,14,10,1620,16200,1.0,10.0
M5,M5,15,10,1620,16200,1.0,10.0
M5,M5,16,11,1620,17820,1.0,11.0
M5,M5,17,12,1620,19440,1.0,12.0
M5,M5,18,12,1620,19440,1.0,12.0
M5,M5,19,12,1620,19440,1.0,12.0
M5,M5,20,10,1620,16200,1.0,10.0
M5,M5,21,9,1620,14580,1.0,9.0
M5,M5,22,7,1620,11340,1.0,7.0
M5,M5,23,5,1620,8100,1.0,5.0
M6,M6,00,0,1000,0,1.0,0.0
M6,M6,01,0,1000,0,1.0,0.0
M6,M6,02,0,1000,0,1.0,0.0
M6,M6,03,0,1000,0,1.0,0.0
M6,M6,04,0,1000,0,1.0,0.0
M6,M6,05,0,1000,0,1.0,0.0
M6,M6,06,5,1000,5000,1.0,5.0
M6,M6,07,10,1000,10000,1.0,10.0
M6,M6,08,11,1000,11000,1.0,11.0
M6,M6,09,10,1000,10000,1.0,10.0
M6,M6,10,9,1000,9000,1.0,9.0
M6,M6,11,8,1000,8000,1.0,8.0
M6,M6,12,8,1000,8000,1.0,8.0
M6,M6,13,9,1000,9000,1.0,9.0
M6,M6,14,9,1000,9000,1.0,9.0
M6,M6,15,9,1000,9000,1.0,9.0
M6,M6,16,10,1000,10000,1.0,10.0
M6,M6,17,10,1000,10000,1.0,10.0
M6,M6,18,11,1000,11000,1.0,11.0
M6,M6,19,10,1000,10000,1.0,10.0
M6,M6,20,9,1000,9000,1.0,9.0
M6,M6,21,8,1000,8000,1.0,8.0
M6,M6,22,6,1000,6000,1.0,6.0
M6,M6,23,4,1000,4000,1.0,4.0
M7,M7,00,0,1100,0,1.0,0.0
M7,M7,01,0,1100,0,1.0,0.0
M7,M7,02,0,1100,0,1.0,0.0
M7,M7,03,0,1100,0,1.0,0.0
M7,M7,04,0,1100,0,1.0,0.0
M7,M7,05,0,1100,0,1.0,0.0
M7,M7,06,5,1100,5500,1.0,5.0
M7,M7,07,12,1100,13200,1.0,12.0
M7,M7,08,12,1100,13200,1.0,12.0
M7,M7,09,12,1100,13200,1.0,12.0
M7,M7,10,10,1100,11000,1.0,10.0
M7,M7,11,9,1100,9900,1.0,9.0
M7,M7,12,9,1100,9900,1.0,9.0
M7,M7,13,10,1100,11000,1.0,10.0
M7,M7,14,10,1100,11000,1.0,10.0
M7,M7,15,10,1100,11000,1.0,10.0
M7,M7,16,11,1100,12100,1.0,11.0
M7,M7,17,12,1100,13200,1.0,12.0
M7,M7,18,12,1100,13200,1.0,12.0
M7,M7,19,12,1100,13200,1.0,12.0
M7,M7,20,10,1100,11000,1.0,10.0
M7,M7,21,8,1100,8800,1.0,8.0
M7,M7,22,7,1100,7700,1.0,7.0
M7,M7,23,5,1100,5500,1.0,5.0
M8,M8,00,0,1100,0,1.0,0.0
M8,M8,01,0,1100,0,1.0,0.0
M8,M8,02,0,1100,0,1.0,0.0
M8,M8,03,0,1100,0,1.0,0.0
M8,M8,04,0,1100,0,1.0,0.0
M8,M8,05,0,1100,0,1.0,0.0
M8,M8,06,3,1100,3300,1.0,3.0
M8,M8,07,7,1100,7700,1.0,7.0
M8,M8,08,7,1100,7700,1.0,7.0
M8,M8,09,7,1100,7700,1.0,7.0
M8,M8,10,5,1100,5500,1.0,5.0
M8,M8,11,5,1100,5500,1.0,5.0
M8,M8,12,5,1100,5500,1.0,5.0
M8,M8,13,5,1100,5500,1.0,5.0
M8,M8,14,5,1100,5500,1.0,5.0
M8,M8,15,6,1100,6600,1.0,6.0
M8,M8,16,6,1100,6600,1.0,6.0
M8,M8,17,7,1100,7700,1.0,7.0
M8,M8,18,7,1100,7700,1.0,7.0
M8,M8,19,7,1100,7700,1.0,7.0
M8,M8,20,6,1100,6600,1.0,6.0
M8,M8,21,5,1100,5500,1.0,5.0
M8,M8,22,4,1100,4400,1.0,4.0
M8,M8,23,3,1100,3300,1.0,3.0
M9,M9,00,0,1100,0,1.0,0.0
M9,M9,01,0,1100,0,1.0,0.0
M9,M9,02,0,1100,0,1.0,0.0
M9,M9,03,0,1100,0,1.0,0.0
M9,M9,04,0,1100,0,1.0,0.0
M9,M9,05,0,1100,0,1.0,0.0
M9,M9,06,3,1100,3300,1.0,3.0
M9,M9,07,6,1100,6600,1.0,6.0
M9,M9,08,7,1100,7700,1.0,7.0
M9,M9,09,6,1100,6600,1.0,6.0
M9,M9,10,5,1100,5500,1.0,5.0
M9,M9,11,5,1100,5500,1.0,5.0
M9,M9,12,5,1100,5500,1.0,5.0
M9,M9,13,5,1100,5500,1.0,5.0
M9,M9,14,5,1100,5500,1.0,5.0
M9,M9,15,6,1100,6600,1.0,6.0
M9,M9,16,6,1100,6600,1.0,6.0
M9,M9,17,6,1100,6600,1.0,6.0
M9,M9,18,7,1100,7700,1.0,7.0
M9,M9,19,6,1100,6600,1.0,6.0
M9,M9,20,6,1100,6600,1.0,6.0
M9,M9,21,5,1100,5500,1.0,5.0
M9,M9,22,4,1100,4400,1.0,4.0
M9,M9,23,3,1100,3300,1.0,3.0
