hat_adi,capacity_line_key,saat,avg_hourly_demand,median_hourly_demand,max_hourly_demand,observed_day_count,sefer_sayisi,standard_capacity_passengers,baseline_capacity_passengers,baseline_load_ratio,effort_per_extra_trip,baseline_operational_effort
M2,M2,6,6484.311550151976,7260.5,8855.0,658.0,7,1600,11200,0.5789563884064264,1.0,7.0
M2,M2,7,21171.81762917933,23826.0,34941.0,658.0,14,1600,22400,0.9451704298740773,1.0,14.0
M2,M2,8,33963.705167173255,40579.5,55379.0,658.0,15,1600,24000,1.4151543819655523,1.0,15.0
M2,M2,9,23771.314589665653,26617.5,38011.0,658.0,15,1600,24000,0.9904714412360689,1.0,15.0
M2,M2,10,17696.420972644377,18492.0,26451.0,658.0,12,1600,19200,0.9216885923252279,1.0,12.0
M2,M2,11,18337.65349544073,18357.5,27613.0,658.0,11,1600,17600,1.0419121304227688,1.0,11.0
M2,M2,12,21607.56990881459,21558.0,31061.0,658.0,11,1600,17600,1.2277028357281017,1.0,11.0
M2,M2,13,24089.454407294834,24613.5,34542.0,658.0,12,1600,19200,1.2546590837132725,1.0,12.0
M2,M2,14,25877.61246200608,26652.5,36906.0,658.0,12,1600,19200,1.3477923157294833,1.0,12.0
M2,M2,15,30087.600303951367,31267.0,42604.0,658.0,13,1600,20800,1.4465192453822773,1.0,13.0
M2,M2,16,34639.621580547115,35669.0,51519.0,658.0,14,1600,22400,1.5464116777029961,1.0,14.0
M2,M2,17,44062.51367781155,47420.0,69854.0,658.0,15,1600,24000,1.8359380699088146,1.0,15.0
M2,M2,18,49460.352583586624,56178.5,77848.0,658.0,15,1600,24000,2.060848024316109,1.0,15.0
M2,M2,19,32423.381458966567,34480.0,49433.0,658.0,15,1600,24000,1.3509742274569403,1.0,15.0
M2,M2,20,20887.26139817629,21459.5,35143.0,658.0,13,1600,20800,1.0041952595277064,1.0,13.0
M2,M2,21,16684.249240121582,16512.5,34494.0,658.0,11,1600,17600,0.9479687068250899,1.0,11.0
M2,M2,22,15527.354103343465,15174.5,36658.0,658.0,8,1600,12800,1.2130745393237081,1.0,8.0
M2,M2,23,9743.732522796352,9330.0,24005.0,658.0,6,1600,9600,1.0149721377912866,1.0,6.0
M3,M3,6,2087.0759878419453,2062.5,4817.0,658.0,8,1100,8800,0.23716772589113014,1.0,8.0
M3,M3,7,7555.442249240122,8072.5,17548.0,658.0,18,1100,19800,0.3815879923858647,1.0,18.0
M3,M3,8,7556.196048632219,7677.5,15484.0,658.0,19,1100,20900,0.3615404807957999,1.0,19.0
M3,M3,9,3517.4559270516716,3314.5,9639.0,658.0,18,1100,19800,0.17764928924503393,1.0,18.0
M3,M3,10,2599.247720364742,2486.0,8633.0,658.0,15,1100,16500,0.1575301648705904,1.0,15.0
M3,M3,11,2754.516717325228,2592.0,9022.0,658.0,14,1100,15400,0.17886472190423558,1.0,14.0
M3,M3,12,3357.0516717325227,3034.5,7640.0,658.0,14,1100,15400,0.21799036829431964,1.0,14.0
M3,M3,13,3898.998480243161,3330.0,13532.0,658.0,15,1100,16500,0.2363029381965552,1.0,15.0
M3,M3,14,4072.495440729483,3463.5,10319.0,658.0,15,1100,16500,0.24681790549875654,1.0,15.0
M3,M3,15,4766.396656534955,4352.5,12157.0,658.0,16,1100,17600,0.27081799184857697,1.0,16.0
M3,M3,16,5853.460486322188,4869.0,12944.0,658.0,17,1100,18700,0.31301927734343254,1.0,17.0
M3,M3,17,7920.942249240122,7447.0,20354.0,658.0,18,1100,19800,0.40004758834546067,1.0,18.0
M3,M3,18,10632.448328267477,12097.5,20321.0,658.0,19,1100,20900,0.5087295850845683,1.0,19.0
M3,M3,19,6150.150455927052,6681.5,12918.0,658.0,18,1100,19800,0.31061365939025515,1.0,18.0
M3,M3,20,3223.775075987842,2865.5,7776.0,658.0,16,1100,17600,0.1831690384084001,1.0,16.0
M3,M3,21,2407.917933130699,1949.5,6445.0,658.0,13,1100,14300,0.16838586944969924,1.0,13.0
M3,M3,22,2062.09726443769,1593.5,6289.0,658.0,10,1100,11000,0.18746338767615361,1.0,10.0
M3,M3,23,1262.5927051671733,947.5,4681.0,658.0,7,1100,7700,0.1639730785931394,1.0,7.0
M4,M4,6,6916.70820668693,7637.0,10855.0,658.0,12,2200,26400,0.2619965229805655,1.0,12.0
M4,M4,7,20321.062310030396,23101.0,36221.0,658.0,25,2200,55000,0.36947386018237083,1.0,25.0
M4,M4,8,23342.65045592705,26812.0,38891.0,658.0,27,2200,59400,0.3929739133994453,1.0,27.0
M4,M4,9,14317.5273556231,15532.0,22197.0,658.0,25,2200,55000,0.2603186791931473,1.0,25.0
M4,M4,10,11279.217325227963,11559.5,20678.0,658.0,21,2200,46200,0.2441389031434624,1.0,21.0
M4,M4,11,11999.562310030395,12031.0,21135.0,658.0,20,2200,44000,0.2727173252279635,1.0,20.0
M4,M4,12,14217.661094224924,14376.5,22596.0,658.0,20,2200,44000,0.32312866123238465,1.0,20.0
M4,M4,13,15257.174772036475,15340.0,25941.0,658.0,21,2200,46200,0.3302418781826077,1.0,21.0
M4,M4,14,16042.265957446809,16136.5,28658.0,658.0,21,2200,46200,0.34723519388413004,1.0,21.0
M4,M4,15,19220.35714285714,19403.0,27613.0,658.0,23,2200,50600,0.37984895539243363,1.0,23.0
M4,M4,16,22045.618541033433,22188.0,32353.0,658.0,24,2200,52800,0.41753065418623925,1.0,24.0
M4,M4,17,26994.26139817629,28007.5,39956.0,658.0,26,2200,57200,0.4719276468212638,1.0,26.0
M4,M4,18,29301.174772036473,32033.5,40318.0,658.0,27,2200,59400,0.4932857705730046,1.0,27.0
M4,M4,19,18641.775075987844,19418.5,27196.0,658.0,26,2200,57200,0.32590515867111614,1.0,26.0
M4,M4,20,12494.551671732523,12468.0,22846.0,658.0,23,2200,50600,0.24692789865084036,1.0,23.0
M4,M4,21,9921.765957446809,9888.0,17360.0,658.0,19,2200,41800,0.23736282194848826,1.0,19.0
M4,M4,22,8816.238601823708,8751.5,14637.0,658.0,15,2200,33000,0.26715874550980934,1.0,15.0
M4,M4,23,5259.071428571428,5129.0,9292.0,658.0,11,2200,24200,0.21731700118063754,1.0,11.0
M5,M5,6,5527.879939209726,6096.0,9973.0,658.0,6,1620,9720,0.5687119279022352,1.0,6.0
M5,M5,7,18683.825227963527,20901.5,36315.0,658.0,12,1620,19440,0.9611021207800168,1.0,12.0
M5,M5,8,20695.012158054713,23669.5,35222.0,658.0,12,1620,19440,1.0645582385830614,1.0,12.0
M5,M5,9,11936.098784194528,12426.0,22339.0,658.0,12,1620,19440,0.6139968510388132,1.0,12.0
M5,M5,10,9066.922492401216,9313.5,17841.0,658.0,10,1620,16200,0.5596865736050133,1.0,10.0
M5,M5,11,9827.182370820668,9901.5,19476.0,658.0,9,1620,14580,0.6740179952551899,1.0,9.0
M5,M5,12,12498.344984802432,12275.0,23579.0,658.0,9,1620,14580,0.8572253075996181,1.0,9.0
M5,M5,13,14122.075987841945,13701.0,29022.0,658.0,10,1620,16200,0.8717330856692559,1.0,10.0
M5,M5,14,14616.173252279636,13930.0,32544.0,658.0,10,1620,16200,0.9022329168073849,1.0,10.0
M5,M5,15,17952.045592705166,18232.5,36945.0,658.0,10,1620,16200,1.1081509625126647,1.0,10.0
M5,M5,16,20256.635258358663,20543.0,36862.0,658.0,11,1620,17820,1.1367359853175456,1.0,11.0
M5,M5,17,25656.104863221884,26436.0,45130.0,658.0,12,1620,19440,1.3197584806184097,1.0,12.0
M5,M5,18,28488.398176291794,30958.5,44804.0,658.0,12,1620,19440,1.4654525810849688,1.0,12.0
M5,M5,19,19531.101823708206,20953.0,28604.0,658.0,12,1620,19440,1.00468630780392,1.0,12.0
M5,M5,20,11867.954407294832,11848.5,24841.0,658.0,10,1620,16200,0.732589778228076,1.0,10.0
M5,M5,21,8925.647416413374,8521.5,18212.0,658.0,9,1620,14580,0.6121843221134001,1.0,9.0
M5,M5,22,7814.79179331307,7483.5,14925.0,658.0,7,1620,11340,0.689135078775403,1.0,7.0
M5,M5,23,4501.130699088146,4352.0,11177.0,658.0,5,1620,8100,0.5556951480355735,1.0,5.0
M6,M6,6,152.8079268292683,156.0,264.0,656.0,5,1000,5000,0.03056158536585366,1.0,5.0
M6,M6,7,641.7644376899696,529.5,1456.0,658.0,10,1000,10000,0.06417644376899695,1.0,10.0
M6,M6,8,1162.6975683890578,1074.5,2493.0,658.0,11,1000,11000,0.1056997789444598,1.0,11.0
M6,M6,9,810.7887537993921,802.0,1745.0,658.0,10,1000,10000,0.08107887537993921,1.0,10.0
M6,M6,10,624.3191489361702,582.5,1485.0,658.0,9,1000,9000,0.06936879432624114,1.0,9.0
M6,M6,11,602.7568389057751,613.5,1166.0,658.0,8,1000,8000,0.07534460486322189,1.0,8.0
M6,M6,12,761.7613981762918,774.5,1256.0,658.0,8,1000,8000,0.09522017477203647,1.0,8.0
M6,M6,13,878.370820668693,895.5,1540.0,658.0,9,1000,9000,0.097596757852077,1.0,9.0
M6,M6,14,980.9954407294833,1033.0,2162.0,658.0,9,1000,9000,0.10899949341438704,1.0,9.0
M6,M6,15,1368.6474164133738,1279.5,4019.0,658.0,9,1000,9000,0.15207193515704154,1.0,9.0
M6,M6,16,1451.920972644377,1400.5,3775.0,658.0,10,1000,10000,0.1451920972644377,1.0,10.0
M6,M6,17,1716.0729483282676,1721.5,3101.0,658.0,10,1000,10000,0.17160729483282675,1.0,10.0
M6,M6,18,1826.838905775076,1905.0,4530.0,658.0,11,1000,11000,0.16607626416137056,1.0,11.0
M6,M6,19,1266.2983257229832,1259.0,3618.0,657.0,10,1000,10000,0.12662983257229832,1.0,10.0
M6,M6,20,759.4088145896657,763.0,2842.0,658.0,9,1000,9000,0.08437875717662952,1.0,9.0
M6,M6,21,606.337899543379,617.0,2383.0,657.0,8,1000,8000,0.07579223744292238,1.0,8.0
M6,M6,22,535.5631659056316,538.0,1471.0,657.0,6,1000,6000,0.08926052765093861,1.0,6.0
M6,M6,23,389.87823439878235,386.0,2345.0,657.0,4,1000,4000,0.09746955859969558,1.0,4.0
M7,M7,6,5470.793313069908,6020.0,8405.0,658.0,5,1100,5500,0.9946896932854379,1.0,5.0
M7,M7,7,17041.227963525835,20121.0,29939.0,658.0,12,1100,13200,1.2910021184489269,1.0,12.0
M7,M7,8,18757.579027355623,21155.0,31343.0,658.0,12,1100,13200,1.4210287141936078,1.0,12.0
M7,M7,9,9415.574468085106,9855.0,15890.0,658.0,12,1100,13200,0.7133010960670535,1.0,12.0
M7,M7,10,6608.645896656535,6618.0,13660.0,658.0,10,1100,11000,0.6007859906051396,1.0,10.0
M7,M7,11,6932.112462006079,6800.0,13603.0,658.0,9,1100,9900,0.7002133800006141,1.0,9.0
M7,M7,12,8799.141337386018,8568.0,14161.0,658.0,9,1100,9900,0.888802155291517,1.0,9.0
M7,M7,13,10029.05775075988,9624.0,20008.0,658.0,10,1100,11000,0.9117325227963526,1.0,10.0
M7,M7,14,10076.252279635259,9880.5,20017.0,658.0,10,1100,11000,0.9160229345122962,1.0,10.0
M7,M7,15,11987.674772036475,11767.0,19468.0,658.0,10,1100,11000,1.0897886156396794,1.0,10.0
M7,M7,16,14041.825227963525,13941.0,21564.0,658.0,11,1100,12100,1.1604814237986385,1.0,11.0
M7,M7,17,17891.220364741643,18502.0,30371.0,658.0,12,1100,13200,1.3553954821773972,1.0,12.0
M7,M7,18,21821.66869300912,24449.5,31301.0,658.0,12,1100,13200,1.6531567191673575,1.0,12.0
M7,M7,19,15280.439209726444,17046.5,22289.0,658.0,12,1100,13200,1.157609031039882,1.0,12.0
M7,M7,20,9229.034954407294,9504.0,17597.0,658.0,10,1100,11000,0.8390031776733904,1.0,10.0
M7,M7,21,7038.252279635259,6968.5,14168.0,658.0,8,1100,8800,0.7998013954130976,1.0,8.0
M7,M7,22,6209.77811550152,6450.5,11812.0,658.0,7,1100,7700,0.8064646903248728,1.0,7.0
M7,M7,23,3917.676056338028,3880.0,7812.0,639.0,5,1100,5500,0.7123047375160051,1.0,5.0
M8,M8,6,892.0388513513514,851.0,1758.0,592.0,3,1100,3300,0.27031480343980346,1.0,3.0
M8,M8,7,3890.0489038785836,3988.0,8669.0,593.0,7,1100,7700,0.505201156347868,1.0,7.0
M8,M8,8,5049.794314381271,5274.0,10806.0,598.0,7,1100,7700,0.6558174434261391,1.0,7.0
M8,M8,9,2333.0782029950083,2240.0,5028.0,601.0,7,1100,7700,0.3029971692201309,1.0,7.0
M8,M8,10,1639.5973154362416,1565.0,3675.0,596.0,5,1100,5500,0.2981086028065894,1.0,5.0
M8,M8,11,1763.579831932773,1740.0,3959.0,595.0,5,1100,5500,0.32065087853323143,1.0,5.0
M8,M8,12,2148.1641541038525,2132.0,4111.0,597.0,5,1100,5500,0.390575300746155,1.0,5.0
M8,M8,13,2394.2646566164153,2331.0,5075.0,597.0,5,1100,5500,0.43532084665753007,1.0,5.0
M8,M8,14,2489.3953488372094,2470.0,5184.0,602.0,5,1100,5500,0.4526173361522199,1.0,5.0
M8,M8,15,3328.963333333333,3164.5,6133.0,600.0,6,1100,6600,0.5043883838383838,1.0,6.0
M8,M8,16,3815.6020066889632,3605.5,6919.0,598.0,6,1100,6600,0.5781215161649944,1.0,6.0
M8,M8,17,5226.100840336135,4933.0,10338.0,595.0,7,1100,7700,0.6787143948488487,1.0,7.0
M8,M8,18,6341.446488294315,6720.0,10609.0,598.0,7,1100,7700,0.8235644789992617,1.0,7.0
M8,M8,19,3648.440336134454,3705.0,6208.0,595.0,7,1100,7700,0.4738234202772018,1.0,7.0
M8,M8,20,2155.560606060606,2128.5,4987.0,594.0,6,1100,6600,0.32660009182736455,1.0,6.0
M8,M8,21,1520.1469594594594,1506.0,4509.0,592.0,5,1100,5500,0.27639035626535624,1.0,5.0
M8,M8,22,1416.7094972067039,1426.0,4401.0,537.0,4,1100,4400,0.32197943118334177,1.0,4.0
M8,M8,23,67.85685483870968,56.0,1559.0,496.0,3,1100,3300,0.02056268328445748,1.0,3.0
M9,M9,6,918.0471841704718,892.0,2348.0,657.0,3,1100,3300,0.2781961164152945,1.0,3.0
M9,M9,7,3294.876712328767,3306.0,9605.0,657.0,6,1100,6600,0.4992237442922374,1.0,6.0
M9,M9,8,2845.1537290715373,2758.0,8379.0,657.0,7,1100,7700,0.36950048429500487,1.0,7.0
M9,M9,9,1146.4566210045662,940.0,3575.0,657.0,6,1100,6600,0.17370554863705548,1.0,6.0
M9,M9,10,760.1689497716895,559.0,2668.0,657.0,5,1100,5500,0.13821253632212538,1.0,5.0
M9,M9,11,838.269406392694,620.0,2570.0,657.0,5,1100,5500,0.15241261934412617,1.0,5.0
M9,M9,12,980.8569254185693,699.0,3410.0,657.0,5,1100,5500,0.17833762280337623,1.0,5.0
M9,M9,13,1113.5920852359209,721.0,4367.0,657.0,5,1100,5500,0.2024712882247129,1.0,5.0
M9,M9,14,1107.6453576864535,726.0,4555.0,657.0,5,1100,5500,0.20139006503390064,1.0,5.0
M9,M9,15,1231.5068493150684,813.0,4377.0,657.0,6,1100,6600,0.18659194686591946,1.0,6.0
M9,M9,16,1538.601217656012,1121.0,4780.0,657.0,6,1100,6600,0.23312139661454728,1.0,6.0
M9,M9,17,2143.2435312024354,1459.0,9385.0,657.0,6,1100,6600,0.32473386836400536,1.0,6.0
M9,M9,18,2739.2876712328766,1871.0,10259.0,657.0,7,1100,7700,0.35575164561465933,1.0,7.0
M9,M9,19,1802.6849315068494,1257.0,6836.0,657.0,6,1100,6600,0.2731340805313408,1.0,6.0
M9,M9,20,1101.4300911854104,803.0,3380.0,658.0,6,1100,6600,0.1668833471493046,1.0,6.0
M9,M9,21,915.0440729483282,661.0,7761.0,658.0,5,1100,5500,0.16637164962696877,1.0,5.0
M9,M9,22,1056.2907153729072,821.0,3674.0,657.0,4,1100,4400,0.24006607167566074,1.0,4.0
M9,M9,23,363.8677811550152,204.0,9612.0,658.0,3,1100,3300,0.11026296398636824,1.0,3.0
