,Team,Date,Time,Day
0,Fenerbahçe,2022-11-07,20:00,Mon
1,Fenerbahçe,2022-11-12,17:00,Sat
2,Fenerbahçe,2022-12-27,20:00,Tue
3,Fenerbahçe,2023-01-08,19:00,Sun
4,Fenerbahçe,2023-01-29,19:00,Sun
5,Fenerbahçe,2023-02-25,19:00,Sat
6,Fenerbahçe,2023-03-16,20:45,Thu
7,Fenerbahçe,2023-04-02,20:30,Sun
8,Fenerbahçe,2023-04-15,20:30,Sat
9,Fenerbahçe,2023-04-24,20:00,Mon
10,Fenerbahçe,2023-05-18,20:00,Thu
11,Fenerbahçe,2023-05-30,20:00,Tue
12,Fenerbahçe,2023-07-26,21:00,Wed
13,Fenerbahçe,2023-08-10,21:00,Thu
14,Fenerbahçe,2023-08-13,21:45,Sun
15,Fenerbahçe,2023-08-24,20:00,Thu
16,Fenerbahçe,2023-09-17,17:00,Sun
17,Fenerbahçe,2023-09-21,19:45,Thu
18,Fenerbahçe,2023-09-28,20:00,Thu
19,Fenerbahçe,2023-10-01,16:00,Sun
20,Fenerbahçe,2023-10-22,19:00,Sun
21,Fenerbahçe,2023-10-26,19:45,Thu
22,Fenerbahçe,2023-11-04,19:00,Sat
23,Fenerbahçe,2023-11-26,19:00,Sun
24,Fenerbahçe,2023-12-04,20:00,Mon
25,Fenerbahçe,2023-12-14,20:45,Thu
26,Fenerbahçe,2023-12-24,19:00,Sun
27,Fenerbahçe,2024-01-10,20:00,Wed
28,Fenerbahçe,2024-01-21,16:00,Sun
29,Fenerbahçe,2024-01-28,19:00,Sun
30,Fenerbahçe,2024-02-11,19:00,Sun
31,Fenerbahçe,2024-02-24,19:00,Sat
32,Fenerbahçe,2024-03-10,19:00,Sun
33,Fenerbahçe,2024-03-14,20:45,Thu
34,Fenerbahçe,2024-04-03,20:30,Wed
35,Fenerbahçe,2024-04-18,22:00,Thu
36,Fenerbahçe,2024-04-27,19:00,Sat
37,Fenerbahçe,2024-05-12,19:00,Sun
38,Fenerbahçe,2024-05-26,19:00,Sun
39,Fenerbahçe,2024-07-30,20:00,Tue
40,Fenerbahçe,2024-08-10,21:45,Sat
41,Fenerbahçe,2024-08-13,20:00,Tue
42,Fenerbahçe,2024-08-30,21:00,Fri
43,Fenerbahçe,2024-09-21,20:00,Sat
44,Fenerbahçe,2024-09-26,19:45,Thu
45,Fenerbahçe,2024-10-24,22:00,Thu
46,Fenerbahçe,2024-10-27,19:00,Sun
47,Beşiktaş,2022-12-29,20:00,Thu
48,Beşiktaş,2023-01-07,19:00,Sat
49,Beşiktaş,2023-01-27,20:00,Fri
50,Beşiktaş,2023-02-26,19:00,Sun
51,Beşiktaş,2023-03-05,19:00,Sun
52,Beşiktaş,2023-03-18,19:00,Sat
53,Beşiktaş,2023-04-09,20:30,Sun
54,Beşiktaş,2023-04-30,19:00,Sun
55,Beşiktaş,2023-06-07,20:00,Wed
56,Beşiktaş,2023-07-27,21:00,Thu
57,Beşiktaş,2023-08-17,21:00,Thu
58,Beşiktaş,2023-08-20,21:45,Sun
59,Beşiktaş,2023-08-31,21:00,Thu
60,Beşiktaş,2023-09-03,19:15,Sun
61,Beşiktaş,2023-09-24,17:00,Sun
62,Beşiktaş,2023-10-05,19:45,Thu
63,Beşiktaş,2023-10-08,16:00,Sun
64,Beşiktaş,2023-10-30,20:00,Mon
65,Beşiktaş,2023-11-09,20:45,Thu
66,Beşiktaş,2023-11-12,16:00,Sun
67,Beşiktaş,2023-11-30,20:45,Thu
68,Beşiktaş,2023-12-09,19:00,Sat
69,Beşiktaş,2023-12-21,20:00,Thu
70,Beşiktaş,2024-01-05,20:00,Fri
71,Beşiktaş,2024-01-13,19:00,Sat
72,Beşiktaş,2024-01-23,20:00,Tue
73,Beşiktaş,2024-02-04,19:00,Sun
74,Beşiktaş,2024-02-19,20:00,Mon
75,Beşiktaş,2024-03-03,19:00,Sun
76,Beşiktaş,2024-03-16,20:30,Sat
77,Beşiktaş,2024-04-13,19:00,Sat
78,Beşiktaş,2024-04-19,20:00,Fri
79,Beşiktaş,2024-05-03,20:00,Fri
80,Beşiktaş,2024-05-18,19:00,Sat
81,Beşiktaş,2024-08-18,21:45,Sun
82,Beşiktaş,2024-08-29,21:00,Thu
83,Beşiktaş,2024-09-01,21:45,Sun
84,Beşiktaş,2024-09-22,20:00,Sun
85,Beşiktaş,2024-10-03,22:00,Thu
86,Beşiktaş,2024-10-20,16:00,Sun
87,Galatasaray,2022-11-05,20:00,Sat
88,Galatasaray,2022-12-25,19:00,Sun
89,Galatasaray,2023-01-04,20:00,Wed
90,Galatasaray,2023-01-13,20:00,Fri
91,Galatasaray,2023-01-21,19:00,Sat
92,Galatasaray,2023-02-01,20:00,Wed
93,Galatasaray,2023-02-05,19:00,Sun
94,Galatasaray,2023-03-11,19:00,Sat
95,Galatasaray,2023-04-01,20:30,Sat
96,Galatasaray,2023-04-14,20:30,Fri
97,Galatasaray,2023-04-23,19:00,Sun
98,Galatasaray,2023-05-08,20:00,Mon
99,Galatasaray,2023-05-20,19:00,Sat
100,Galatasaray,2023-06-04,19:00,Sun
101,Galatasaray,2023-08-02,21:30,Wed
102,Galatasaray,2023-08-15,21:00,Tue
103,Galatasaray,2023-08-19,21:45,Sat
104,Galatasaray,2023-08-29,22:00,Tue
105,Galatasaray,2023-09-16,20:00,Sat
106,Galatasaray,2023-09-20,19:45,Wed
107,Galatasaray,2023-09-30,19:00,Sat
108,Galatasaray,2023-10-21,19:00,Sat
109,Galatasaray,2023-10-24,19:45,Tue
110,Galatasaray,2023-11-03,20:00,Fri
111,Galatasaray,2023-11-25,19:00,Sat
112,Galatasaray,2023-11-29,20:45,Wed
113,Galatasaray,2023-12-08,20:00,Fri
114,Galatasaray,2023-12-20,20:00,Wed
115,Galatasaray,2024-01-07,19:00,Sun
116,Galatasaray,2024-01-15,20:00,Mon
117,Galatasaray,2024-01-25,20:00,Thu
118,Galatasaray,2024-01-29,20:00,Mon
119,Galatasaray,2024-02-10,19:00,Sat
120,Galatasaray,2024-02-15,20:45,Thu
121,Galatasaray,2024-02-26,20:00,Mon
122,Galatasaray,2024-03-08,20:00,Fri
123,Galatasaray,2024-04-02,20:30,Tue
124,Galatasaray,2024-04-21,19:00,Sun
125,Galatasaray,2024-05-05,19:00,Sun
126,Galatasaray,2024-05-19,19:00,Sun
127,Galatasaray,2023-08-02,21:30,Wed
128,Galatasaray,2023-08-15,21:00,Tue
129,Galatasaray,2023-08-19,21:45,Sat
130,Galatasaray,2023-08-29,22:00,Tue
131,Galatasaray,2023-09-16,20:00,Sat
132,Galatasaray,2023-09-20,19:45,Wed
133,Galatasaray,2023-09-30,19:00,Sat
134,Galatasaray,2023-10-21,19:00,Sat
135,Galatasaray,2023-10-24,19:45,Tue
136,Galatasaray,2023-11-03,20:00,Fri
137,Galatasaray,2023-11-25,19:00,Sat
138,Galatasaray,2023-11-29,20:45,Wed
139,Galatasaray,2023-12-08,20:00,Fri
140,Galatasaray,2023-12-20,20:00,Wed
141,Galatasaray,2024-01-07,19:00,Sun
142,Galatasaray,2024-01-15,20:00,Mon
143,Galatasaray,2024-01-25,20:00,Thu
144,Galatasaray,2024-01-29,20:00,Mon
145,Galatasaray,2024-02-10,19:00,Sat
146,Galatasaray,2024-02-15,20:45,Thu
147,Galatasaray,2024-02-26,20:00,Mon
148,Galatasaray,2024-03-08,20:00,Fri
149,Galatasaray,2024-04-02,20:30,Tue
150,Galatasaray,2024-04-21,19:00,Sun
151,Galatasaray,2024-05-05,19:00,Sun
152,Galatasaray,2024-05-19,19:00,Sun
153,Galatasaray,2024-08-09,21:00,Fri
154,Galatasaray,2024-08-27,22:00,Tue
155,Galatasaray,2024-09-14,20:00,Sat
156,Galatasaray,2024-09-17,20:00,Tue
157,Galatasaray,2024-09-25,22:00,Wed
158,Galatasaray,2024-09-28,19:00,Sat
159,Galatasaray,2024-10-06,19:00,Sun
160,Galatasaray,2024-10-23,17:30,Wed
161,Galatasaray,2024-10-28,20:00,Mon
