hat_adi,saat,sefer_sayisi
M1A,00,0
M1A,01,0
M1A,02,0
M1A,03,0
M1A,04,0
M1A,05,0
M1A,06,5
M1A,07,11
M1A,08,12
M1A,09,11
M1A,10,9
M1A,11,9
M1A,12,9
M1A,13,9
M1A,14,9
M1A,15,10
M1A,16,11
M1A,17,11
M1A,18,12
M1A,19,11
M1A,20,10
M1A,21,8
M1A,22,7
M1A,23,5
M1B,00,0
M1B,01,0
M1B,02,0
M1B,03,0
M1B,04,0
M1B,05,0
M1B,06,5
M1B,07,11
M1B,08,12
M1B,09,11
M1B,10,9
M1B,11,9
M1B,12,9
M1B,13,9
M1B,14,9
M1B,15,10
M1B,16,11
M1B,17,11
M1B,18,12
M1B,19,11
M1B,20,10
M1B,21,8
M1B,22,6
M1B,23,5
M2,00,0
M2,01,0
M2,02,0
M2,03,0
M2,04,0
M2,05,0
M2,06,7
M2,07,14
M2,08,15
M2,09,15
M2,10,12
M2,11,11
M2,12,11
M2,13,12
M2,14,12
M2,15,13
M2,16,14
M2,17,15
M2,18,15
M2,19,15
M2,20,13
M2,21,11
M2,22,8
M2,23,6
M3,00,0
M3,01,0
M3,02,0
M3,03,0
M3,04,0
M3,05,0
M3,06,8
M3,07,18
M3,08,19
M3,09,18
M3,10,15
M3,11,14
M3,12,14
M3,13,15
M3,14,15
M3,15,16
M3,16,17
M3,17,18
M3,18,19
M3,19,18
M3,20,16
M3,21,13
M3,22,10
M3,23,7
M4,00,0
M4,01,0
M4,02,0
M4,03,0
M4,04,0
M4,05,0
M4,06,12
M4,07,25
M4,08,27
M4,09,25
M4,10,21
M4,11,20
M4,12,20
M4,13,21
M4,14,21
M4,15,23
M4,16,24
M4,17,26
M4,18,27
M4,19,26
M4,20,23
M4,21,19
M4,22,15
M4,23,11
M5,00,0
M5,01,0
M5,02,0
M5,03,0
M5,04,0
M5,05,0
M5,06,6
M5,07,12
M5,08,12
M5,09,12
M5,10,10
M5,11,9
M5,12,9
M5,13,10
M5,14,10
M5,15,10
M5,16,11
M5,17,12
M5,18,12
M5,19,12
M5,20,10
M5,21,9
M5,22,7
M5,23,5
M6,00,0
M6,01,0
M6,02,0
M6,03,0
M6,04,0
M6,05,0
M6,06,5
M6,07,10
M6,08,11
M6,09,10
M6,10,9
M6,11,8
M6,12,8
M6,13,9
M6,14,9
M6,15,9
M6,16,10
M6,17,10
M6,18,11
M6,19,10
M6,20,9
M6,21,8
M6,22,6
M6,23,4
M7,00,0
M7,01,0
M7,02,0
M7,03,0
M7,04,0
M7,05,0
M7,06,5
M7,07,12
M7,08,12
M7,09,12
M7,10,10
M7,11,9
M7,12,9
M7,13,10
M7,14,10
M7,15,10
M7,16,11
M7,17,12
M7,18,12
M7,19,12
M7,20,10
M7,21,8
M7,22,7
M7,23,5
M8,00,0
M8,01,0
M8,02,0
M8,03,0
M8,04,0
M8,05,0
M8,06,3
M8,07,7
M8,08,7
M8,09,7
M8,10,5
M8,11,5
M8,12,5
M8,13,5
M8,14,5
M8,15,6
M8,16,6
M8,17,7
M8,18,7
M8,19,7
M8,20,6
M8,21,5
M8,22,4
M8,23,3
M9,00,0
M9,01,0
M9,02,0
M9,03,0
M9,04,0
M9,05,0
M9,06,3
M9,07,6
M9,08,7
M9,09,6
M9,10,5
M9,11,5
M9,12,5
M9,13,5
M9,14,5
M9,15,6
M9,16,6
M9,17,6
M9,18,7
M9,19,6
M9,20,6
M9,21,5
M9,22,4
M9,23,3
Marmaray,00,0
Marmaray,01,0
Marmaray,02,0
Marmaray,03,0
Marmaray,04,0
Marmaray,05,2
Marmaray,06,8
Marmaray,07,14
Marmaray,08,16
Marmaray,09,14
Marmaray,10,12
Marmaray,11,12
Marmaray,12,12
Marmaray,13,12
Marmaray,14,12
Marmaray,15,13
Marmaray,16,14
Marmaray,17,16
Marmaray,18,16
Marmaray,19,14
Marmaray,20,12
Marmaray,21,10
Marmaray,22,8
Marmaray,23,4
