takım adı,hat,ortalama fazladan demand,kaç trene karşılık geldiği
beşiktaş,F1,2866.87,8
beşiktaş,F4,69.36,1
beşiktaş,M1,10042.39,10
beşiktaş,M2,24976.34,16
beşiktaş,M3,3393.9,3
beşiktaş,M4,15795.42,7
beşiktaş,M5,13155.72,8
beşiktaş,M6,1019.59,1
beşiktaş,M7,10557.0,10
beşiktaş,M8,2439.85,2
beşiktaş,M9,1406.6,1
beşiktaş,MARMARAY,19519.59,7
beşiktaş,T1,13355.84,22
beşiktaş,T4,6412.79,9
beşiktaş,T5,2775.42,11
fenerbahçe,F1,191.54,1
fenerbahçe,F4,151.57,1
fenerbahçe,M1,7816.17,8
fenerbahçe,M2,14476.33,9
fenerbahçe,M3,3765.85,4
fenerbahçe,M4,14663.38,7
fenerbahçe,M5,12750.13,8
fenerbahçe,M6,853.83,1
fenerbahçe,M7,7699.6,7
fenerbahçe,M8,2473.7599999999998,2
fenerbahçe,M9,2418.59,2
fenerbahçe,MARMARAY,33011.68,11
fenerbahçe,T1,5955.82,10
fenerbahçe,T4,7742.22,11
fenerbahçe,T5,2988.16,12
galatasaray,F1,559.25,2
galatasaray,F4,52.71,0
galatasaray,M1,9922.82,10
galatasaray,M2,58953.57,37
galatasaray,M3,8306.65,8
galatasaray,M4,18225.67,8
galatasaray,M5,19680.78,12
galatasaray,M6,1176.92,1
galatasaray,M7,14897.57,14
galatasaray,M8,3643.62,4
galatasaray,M9,3074.09,3
galatasaray,MARMARAY,24385.78,8
galatasaray,T1,6240.46,11
galatasaray,T4,8832.28,12
galatasaray,T5,3400.05,14
